Temp_Loc1,Temp_Loc2,Temp_Loc3,Temp_Loc4,Temp_Loc5
47.5632958244317,51.96771150935613,52.89648894751851,47.94829420412072,52.4084403231108
51.03195231734124,52.055150399986225,54.74198245663487,49.38652970999282,48.11565958910628
47.77621392593619,47.96047428758641,49.80724572646474,50.85287993704161,50.691726998325045
52.067958122590056,50.032504729694764,53.633835192893294,49.33835791690511,56.80042291647405
