Press_Loc1,Press_Loc2,Press_Loc3,Press_Loc4,Press_Loc5
151.8046407461354,146.43122386898722,145.89183616964814,151.25346985475568,150.58597554653355
155.10956481842553,154.48354606743027,153.35661248936665,144.42846145958381,139.40344432316982
153.92575302134074,154.99632772814027,156.65251087787988,155.64050836257613,141.18060219359742
153.96627077644507,144.72285916654903,153.82941878998778,149.8199386442001,148.58251654619548
