idx,diam,shift
81,20.01577726,2
82,20.08955916,2
83,20.26635731,2
84,20.07006961,2
85,19.98515081,2
86,20.08399072,2
87,20.04361949,2
88,19.96844548,2
89,20.1062645,2
90,19.99907193,2
91,20.09234339,2
92,20.01577726,2
93,20.02830626,2
94,20.07842227,2
95,20.20788863,2
96,20.13132251,2
97,20.08259861,2
98,20.20649652,2
99,20.0937355,2
100,20.07703016,2
